X,Z,open,closed,neighbors,DToPath,ElevationChange
8900,16070,0.97757,0.00530342,0.08468913999999998,177.99766379599342,-0.07601296363666496
8900,16080,0.977385,0.005329,1.2330858100000002,174.4377105200739,-0.0936821480884943
8900,16090,0.978085,0.00488245,2.22510076,170.8777572441543,-0.06490169928044026
8900,16100,0.978484,0.00478074,2.84443811,167.31780396823387,-0.03961647372198543
8900,16110,0.973606,0.00439497,2.9623151400000003,164.574603143985,-0.0008305534107977351
8900,16120,0.935513,0.0354986,2.96953187,162.78574876198502,0.018020052629316025
8900,16130,0.00559254,0.97615,3.1556207099999996,160.996894379985,0.05179794800581199
8900,16140,7.85742e-08,0.990508,4.18783208,159.20803999798503,0.06398875864045564
8900,16150,8.09682e-12,0.994509,4.81084357,157.41918561598504,0.05846618499329664
8900,16160,3.82425e-13,0.995399,4.9311203500000005,155.63033123398552,0.05112578084648113
8900,16170,2.90641e-11,0.994022,4.97132544,153.84147685198553,0.03625501246468961
8900,16180,2.97045e-10,0.993261,6.0958529,152.05262246998552,-0.040668800440733455
8900,16190,1.48731e-11,0.994668,7.137963,150.26376808798554,-0.06944036158591933
8900,16200,2.96937e-13,0.996051,7.763767,148.47491370598556,-0.13552932791367076
8900,16210,1.35064e-14,0.996822,7.888533000000001,146.68605932398685,-0.18383281976146928
8900,16220,1.23919e-13,0.996343,7.901179999999999,144.89720494198684,-0.23792684726852012
8900,16230,4.53109e-10,0.993766,7.875919999999999,143.10835055998686,-0.27485095636748735
8900,16240,1.02573e-06,0.989708,7.926591999999999,141.31949617798688,-0.2943915989585284
8900,16250,3.60102e-06,0.9887,7.885459,139.53064179598738,-0.31230844764030763
8900,16260,9.55414e-09,0.992167,7.270942999999999,137.74178741398737,-0.31707091646292956
8900,16270,7.5869e-12,0.995064,6.9994889,135.95293303198738,-0.3060454824609844
8900,16280,1.02373e-13,0.99622,6.964892,134.16407864998737,-0.3265900366090932
8900,16290,1.33582e-13,0.996118,6.95169621,132.3752242679874,-0.36513376363198247
8900,16300,3.03937e-12,0.995236,6.90208604,130.5863698859874,-0.3531843709503352
8900,16310,2.91347e-11,0.99445,6.292893600000001,128.7975155039874,-0.3658604569704015
8900,16320,4.14926e-11,0.994388,6.0263487,127.0086611219874,-0.3835900681605195
8900,16330,2.23296e-11,0.99474,5.9867038,125.2198067399879,-0.41647749502456977
8900,16340,3.33e-11,0.994634,5.97288816,123.4309523579879,-0.4049100862132464
8900,16350,1.00552e-10,0.994196,5.92247631,121.64209797598791,-0.36481868605589624
8900,16360,1.68674e-10,0.993905,5.304848499999999,119.85324359398922,-0.3055362636126199
8900,16370,2.22125e-09,0.992707,5.02968843,118.06438921198922,-0.24084858434587758
8900,16380,1.30328e-08,0.992018,4.984040749999999,116.27553482998923,-0.18206033321009343
8900,16390,6.6751e-08,0.991401,4.74952986,114.48668044798923,-0.11723293799486928
8900,16400,5.85377e-07,0.990237,4.0237305899999996,112.69782606598923,-0.06505987182245067
8900,16410,5.08997e-06,0.988181,3.9970558899999995,110.90897168398973,-0.05111806521059586
8900,16420,3.18544e-05,0.98555,3.99944697,109.12011730198974,-0.021594927297157708
8900,16430,0.000855448,0.980585,3.9903406200000004,107.33126291998974,0.0048964294887448
8900,16440,0.216988,0.757867,3.9828777799999995,105.54240853798974,0.007847043531888104
8900,16450,0.933671,0.0362282,3.95080096,103.75355415598976,0.026550630380453955
8900,16460,0.974186,0.00621826,3.0012734799999996,101.96469977399106,0.014351428520866814
8910,16070,0.977711,0.00519746,0.06572275000000001,168.652786446704,-0.08142000594791121
8910,16080,0.977844,0.00510862,1.8900086400000002,165.09283317078444,-0.08568172838134305
8910,16090,0.977952,0.00499035,2.01367565,161.5328798948649,-0.08793628378921034
8910,16100,0.978433,0.00470705,2.02856381,157.97292661894403,-0.047275868022827
8910,16110,0.976594,0.00491647,2.07585155,154.73590404298528,-0.008192604065055665
8910,16120,0.96118,0.00834258,2.41020861,152.9470496609853,0.012200950568027448
8910,16130,0.0608371,0.91739,3.5860746699999995,151.15819527898577,0.04225536997724968
8910,16140,1.32027e-06,0.987956,3.96087632,149.3693408969858,0.0500789933443068
8910,16150,1.10973e-10,0.993075,3.9965121900000002,147.5804865149858,0.05275052160284617
8910,16160,5.406e-12,0.994396,4.04931385,145.7916321329858,0.04703786107962541
8910,16170,1.23961e-10,0.993529,4.3903025,144.0027777509858,0.02050261118866204
8910,16180,3.05839e-09,0.992364,6.47387572,142.2139233689871,-0.03844746840187305
8910,16190,1.07391e-09,0.993122,6.914639299999999,140.42506898698713,-0.09806430181942799
8910,16200,3.08503e-11,0.994739,6.9582098,138.63621460498712,-0.17767730666982928
8910,16210,1.07908e-12,0.995743,7.015937,136.84736022298713,-0.22708106517299048
8910,16220,2.47859e-11,0.994818,7.350102,135.0585058409876,-0.28227103610617643
8910,16230,7.04048e-09,0.992539,7.604669,133.26965145898762,-0.31428147235784726
8910,16240,3.40237e-07,0.990124,7.921272999999999,131.48079707698764,-0.3379529362437847
8910,16250,3.16785e-10,0.993211,7.943256000000001,129.69194269498763,-0.3400314458280931
8910,16260,1.20744e-14,0.996333,7.943788000000001,127.90308831298765,-0.3390059198374212
8910,16270,2.63895e-18,0.997915,7.8627899999999995,126.11423393098765,-0.3438235481441759
8910,16280,4.38417e-19,0.998229,7.281543,124.32537954898895,-0.3620574902666884
8910,16290,8.93698e-18,0.997888,6.991892699999999,122.53652516698897,-0.37006387894289916
8910,16300,2.19145e-15,0.996999,7.0019043000000005,120.74767078498816,-0.36173579767693326
8910,16310,6.12379e-13,0.995738,7.285276,118.95881640298946,-0.3820238417293374
8910,16320,1.11541e-12,0.995721,7.455748999999999,117.16996202098946,-0.3924765115197689
8910,16330,1.19722e-13,0.996347,6.4560200000000005,115.38110763898948,-0.3875476858813441
8910,16340,2.33658e-14,0.996572,6.01246493,113.59225325698948,-0.3699568305979253
8910,16350,4.43513e-14,0.996307,6.014812170000001,111.80339887498948,-0.30864195192951244
8910,16360,1.53071e-12,0.995428,6.289027319999999,110.01454449298949,-0.25123967463632957
8910,16370,2.71605e-10,0.99376,6.45122664,108.2256901109895,-0.16728748590765935
8910,16380,1.02413e-08,0.99231,5.435922189999999,106.43683572898999,-0.12901662608495396
8910,16390,2.62956e-08,0.991912,4.27448211,104.64798134699,-0.10360859814410127
8910,16400,1.04854e-07,0.991184,4.03939621,102.85912696499001,-0.03367476726376419
8910,16410,2.07451e-06,0.989086,4.31968627,101.07027258299,-0.03657539547786595
8910,16420,7.17995e-05,0.985428,4.57203946,99.28141820099,-0.007275310287456414
8910,16430,0.00937311,0.970616,4.15096913,97.49256381899131,0.007929032267788986
8910,16440,0.720094,0.252203,3.99519898,95.70370943699133,0.0108674277711376
8910,16450,0.959706,0.0118079,3.9871029499999997,93.91485505499134,0.009022924810779018
8910,16460,0.975412,0.00590329,3.18039182,92.12600067299134,0.0012024266529661151
8920,16070,0.977823,0.0051868,0.16365455,159.30790909741415,-0.03971613560640599
8920,16080,0.978157,0.00503372,1.5928041,155.747955821495,-0.05565436791926379
8920,16090,0.977902,0.00503986,2.00928629,152.18800254557544,-0.0751231651275599
8920,16100,0.97809,0.00479218,2.01711849,148.6280492696546,-0.05217917080113255
8920,16110,0.977751,0.00492975,2.02486672,145.06809599373503,-0.00622802955075943
8920,16120,0.970716,0.00608628,2.2564074099999996,143.10835055998606,0.012848004223862687
8920,16130,0.400098,0.574443,3.3879579900000003,141.31949617798736,0.038413753783882544
8920,16140,7.23315e-05,0.984611,3.86459432,139.53064179598738,0.03919691832924937
8920,16150,1.43884e-08,0.990872,3.98484879,137.74178741398737,0.032165384310339086
8920,16160,4.97918e-10,0.99285,4.00082329,135.95293303198738,0.022169449602726876
8920,16170,3.41288e-09,0.992373,4.23715026,134.16407864998737,-0.010663919517314319
8920,16180,7.57905e-08,0.991091,5.936089560000001,132.3752242679874,-0.032688016312654236
8920,16190,5.16243e-08,0.991519,6.820849020000001,130.5863698859879,-0.09573989176142386
8920,16200,1.72131e-09,0.993195,6.949199469999999,128.79751550398788,-0.19254876379728494
8920,16210,1.26742e-10,0.994175,6.9708668,127.0086611219879,-0.2410630498377672
8920,16220,1.78041e-09,0.993285,7.094160000000001,125.2198067399879,-0.30719153112368647
8920,16230,1.82751e-07,0.990926,7.366179999999999,123.4309523579879,-0.3359598243656916
8920,16240,8.92202e-09,0.99186,7.8328060000000015,121.64209797598791,-0.34411161732409223
8920,16250,2.15734e-14,0.996071,7.947896,119.85324359398922,-0.360540988421119
8920,16260,8.9201e-22,0.998646,7.955393999999998,118.06438921198922,-0.340587006790949
8920,16270,9.91263e-27,0.999374,7.956843000000001,116.27553482998842,-0.35187909358294184
8920,16280,7.3384e-29,0.999563,7.939483999999999,114.48668044798973,-0.3490093745202654
8920,16290,5.92974e-27,0.999437,7.500833,112.69782606598973,-0.3553534907592253
8920,16300,5.59917e-22,0.998877,7.626733,110.90897168398973,-0.38849095556313845
8920,16310,4.64454e-17,0.997748,7.933216999999999,109.12011730198974,-0.3600164260750264
8920,16320,4.29325e-15,0.997034,7.943888,107.33126291998974,-0.29494006531631634
8920,16330,7.39484e-16,0.9973,7.905376,105.54240853798974,-0.28064182177882036
8920,16340,6.06679e-16,0.99728,6.754497000000001,103.75355415598976,-0.2994221495527223
8920,16350,2.61898e-14,0.996449,6.639568669999999,101.96469977399106,-0.23746668484193334
8920,16360,6.34149e-12,0.994942,6.937005299999999,100.17584539199025,-0.2124466908768464
8920,16370,1.39862e-09,0.993022,6.93856075,98.38699100999025,-0.151916042025842
8920,16380,1.09397e-07,0.991004,6.87325036,96.59813662799156,-0.1109902977816349
8920,16390,3.48208e-07,0.990461,4.988598550000001,94.80928224599157,-0.0720034505441635
8920,16400,1.82804e-07,0.990822,4.64815036,93.02042786399159,-0.016537233499681198
8920,16410,1.56915e-06,0.989511,4.95542444,91.23157348199159,-0.020214165059354028
8920,16420,0.000142724,0.985694,4.96735961,89.44271909999159,0.0028256715694559838
8920,16430,0.0185073,0.961911,4.94842331,87.6538647179916,0.01698324469054646
8920,16440,0.74166,0.231326,4.28787526,85.86501033599208,0.015890547441048404
8920,16450,0.966599,0.00656532,4.09306681,84.0761559539921,0.013054017563625711
8920,16460,0.976494,0.00514647,3.9708048399999996,82.28730157199209,0.014351428520866814
8930,16070,0.977585,0.00543052,0.38411406000000003,149.96303174812513,0.0012456210252052796
8930,16080,0.977676,0.00528885,1.2783344700000001,146.40307847220555,-0.01832144506855211
8930,16090,0.978035,0.00496344,2.00490548,142.84312519628472,-0.05412046967091862
8930,16100,0.978338,0.00467628,2.01627036,139.28317192036516,-0.06596547490617301
8930,16110,0.977262,0.0047935,2.0189925500000006,135.7232186444456,-0.010224738279704585
8930,16120,0.97187,0.0058089,2.3888967299999995,133.26965145898762,0.010905585864895588
8930,16130,0.713589,0.259139,3.10732514,131.48079707698764,0.03068596184903747
8930,16140,0.00175312,0.980784,3.5094466000000004,129.69194269498763,0.022324440553372776
8930,16150,1.39038e-06,0.988652,3.9854157999999997,127.90308831298765,0.003825322519853375
8930,16160,7.56065e-08,0.990816,3.9973256,126.11423393098814,-0.014164216212357379
8930,16170,4.75004e-07,0.989997,4.3721463599999995,124.32537954898814,-0.023852029931721686
8930,16180,8.06618e-06,0.988476,5.343428220000002,122.53652516698816,-0.05611264153916315
8930,16190,2.40029e-06,0.989403,6.465622129999999,120.74767078498816,-0.1239462626720127
8930,16200,2.05546e-08,0.992073,6.94646848,118.95881640298946,-0.20511504510358655
8930,16210,4.00871e-09,0.992914,6.9644889899999995,117.16996202098946,-0.26046114509045215
8930,16220,2.53374e-08,0.992159,7.004313700000001,115.38110763898948,-0.3273113048018919
8930,16230,3.62547e-07,0.990573,7.084564,113.59225325698948,-0.34145723070229056
8930,16240,2.33127e-10,0.993635,7.478076,111.80339887498997,-0.3552290476895196
8930,16250,1.63697e-16,0.997228,7.945993,110.01454449298998,-0.34875199688059444
8930,16260,2.65493e-25,0.999209,7.956461,108.22569011098999,-0.33535480653116106
8930,16270,1.04302e-33,0.999777,7.961003000000001,106.43683572898999,-0.31707091646292956
8930,16280,6.60212e-38,0.999884,7.958672000000001,104.64798134699,-0.3091391051554563
8930,16290,9.14222e-37,0.999868,7.953197,102.85912696499001,-0.3108711390177273
8930,16300,5.60163e-31,0.999703,7.949249999999999,101.07027258299,-0.3352608494349158
8930,16310,5.56771e-24,0.999186,7.951068000000001,99.28141820099,-0.3033644577736522
8930,16320,2.47082e-18,0.998126,7.952660000000001,97.49256381899131,-0.2092666170418204
8930,16330,3.11687e-16,0.997429,7.950635,95.70370943699051,-0.2187087620652141
8930,16340,4.86476e-15,0.996955,7.943264000000001,93.91485505499053,-0.2333584969346402
8930,16350,6.66768e-13,0.995785,7.89597,92.12600067299182,-0.19874540934557688
8930,16360,7.20187e-11,0.994153,7.718096,90.33714629099183,-0.17684703527137727
8930,16370,5.62891e-08,0.991266,7.465507000000001,88.54829190899183,-0.12680430996123587
8930,16380,2.38551e-06,0.989281,7.120926,86.75943752699185,-0.06188276523169066
8930,16390,1.31299e-05,0.988031,6.9133148,84.97058314499185,-0.05045720975890374
8930,16400,4.44649e-07,0.990128,6.34558302,83.18172876299185,0.001833897034667416
8930,16410,3.98152e-07,0.990317,5.759394840000001,81.39287438099235,0.012071491111206485
8930,16420,6.89204e-06,0.988323,5.6641444000000005,79.60401999899234,0.009838370164089998
8930,16430,0.00010938,0.985433,5.749009199999999,77.81516561699236,0.018979861732241945
8930,16440,0.00502825,0.976311,5.70620707,76.02631123499236,0.02088299097949893
8930,16450,0.523405,0.4511,5.21317412,74.23745685299367,0.02107336065877866
8930,16460,0.937789,0.0347428,4.753619980000001,72.44860247099368,0.014351428520866814
8940,16070,0.977494,0.0052484,0.21643906000000002,140.6181543988353,0.01579947741888648
8940,16080,0.977463,0.00534079,1.0950626300000001,137.05820112291482,0.00792787395620907
8940,16090,0.978234,0.00489811,1.92532966,133.49824784699527,-0.006852024756270574
8940,16100,0.977599,0.0049296,2.01201169,129.93829457107572,-0.033555428392971084
8940,16110,0.972635,0.00569094,2.0149661500000002,126.37834129515616,-0.0015086031766883134
8940,16120,0.967925,0.0068781,2.18312021,123.4309523579879,0.008304441504376337
8940,16130,0.895831,0.0754284,2.9921917700000003,121.64209797598791,0.0004950304544811983
8940,16140,0.0788967,0.899726,3.08343546,119.85324359398922,-0.011628522533194165
8940,16150,0.000298059,0.984678,3.9786367800000004,118.06438921198922,-0.03294823673450073
8940,16160,1.88471e-05,0.987287,3.99615471,116.27553482998923,-0.04960649906677618
8940,16170,7.42744e-05,0.986368,4.17075201,114.48668044798923,-0.05989307554687458
8940,16180,0.000586107,0.984277,5.04863938,112.69782606598923,-0.09407032698483572
8940,16190,4.41427e-05,0.987136,5.957795849999999,110.90897168398973,-0.13486885137516433
8940,16200,2.84315e-07,0.990654,6.93208648,109.12011730198974,-0.17280249028377417
8940,16210,7.88379e-08,0.991547,6.9564273,107.33126291998974,-0.21272999074328858
8940,16220,1.08094e-07,0.99141,6.96740926,105.54240853798974,-0.25915752328201064
8940,16230,3.36564e-07,0.990826,6.970426300000001,103.75355415598976,-0.3005716135140527
8940,16240,1.5953e-10,0.994133,7.0487002,101.96469977399106,-0.31585236714819964
8940,16250,2.78538e-16,0.997313,7.934826999999999,100.17584539199106,-0.3077089322780328
8940,16260,4.1833e-26,0.999339,7.95264,98.38699100999108,-0.24903475092559077
8940,16270,4.22358e-36,0.999848,7.961342000000001,96.59813662799156,-0.23243294339134785
8940,16280,2.76448e-42,0.99994,7.961867000000001,94.80928224599157,-0.23307869679224505
8940,16290,3.83274e-42,0.999941,7.956834,93.02042786399159,-0.2430561190692744
8940,16300,2.57142e-36,0.999864,7.951509,91.23157348199159,-0.2924532650112822
8940,16310,8.7386e-29,0.999592,7.953449999999999,89.44271909999159,-0.21951380874745705
8940,16320,8.39101e-21,0.998699,7.957766000000001,87.6538647179916,-0.10313457185835986
8940,16330,2.33417e-16,0.997524,7.9599910000000005,85.8650103359916,-0.10361185884893034
8940,16340,1.25209e-13,0.996315,7.958102,84.0761559539916,-0.14179545510226885
8940,16350,1.15182e-11,0.995036,7.955846,82.28730157199162,-0.14934219310009517
8940,16360,2.94759e-10,0.993816,7.951261,80.4984471899921,-0.12904643279538403
8940,16370,2.56511e-08,0.991866,7.941823,78.70959280799211,-0.06431781469711742
8940,16380,6.48127e-07,0.99016,7.9238789999999995,76.92073842599211,-0.041986202383262276
8940,16390,4.89666e-06,0.988842,7.451156999999999,75.13188404399342,-0.03385190819350084
8940,16400,1.83215e-07,0.990708,6.9572729,73.34302966199343,0.009893619459371178
8940,16410,2.95579e-08,0.991569,6.92918081,71.55417527999343,0.019070155726610263
8940,16420,2.57487e-08,0.991295,6.93252671,69.76532089799343,0.008838763780542928
8940,16430,1.77745e-08,0.990947,6.91974234,67.97646651599344,0.026943331039938987
8940,16440,5.94877e-07,0.988362,6.446028699999999,66.18761213399394,0.025850633790440905
8940,16450,0.000341596,0.983184,5.66178217,64.39875775199394,0.03150105330157111
8940,16460,0.00990018,0.971579,4.98005616,62.60990336999395,0.026841396837175926
8950,16070,0.977671,0.00513968,0.10995687999999999,131.27327704954584,0.028935982571263272
8950,16080,0.977869,0.00510896,1.07487326,127.71332377362629,0.017869929086689003
8950,16090,0.977893,0.00502068,1.2750528300000004,124.15337049770544,0.015699560404782206
8950,16100,0.975741,0.00545866,1.86523169,120.59341722178588,-0.002819744404120551
8950,16110,0.968319,0.00682961,1.97758423,117.03346394586544,0.002489169556854537
8950,16120,0.960628,0.00954274,2.0118726199999997,113.59225325698948,-0.02141639175687623
8950,16130,0.944804,0.0246299,2.92684528,111.80339887498948,-0.015811965686469417
8950,16140,0.734999,0.237753,2.9989653200000004,110.01454449298949,-0.0549943817550164
8950,16150,0.141999,0.835875,3.89890309,108.2256901109895,-0.07379146987088268
8950,16160,0.0300293,0.950288,3.9934614300000004,106.43683572898999,-0.09206821268724194
8950,16170,0.0246111,0.955708,4.03037135,104.64798134699,-0.11121840966720598
8950,16180,0.0490986,0.930109,4.98413485,102.85912696499001,-0.12995226348106534
8950,16190,0.000818089,0.983346,5.21195782,101.07027258299,-0.16583271354257714
8950,16200,1.01321e-05,0.988202,6.70307833,99.28141820099,-0.1968706520563771
8950,16210,2.73862e-07,0.990732,6.9140108399999995,97.49256381899131,-0.20891196730630973
8950,16220,8.57676e-08,0.991521,6.93036095,95.70370943699133,-0.24491535847320398
8950,16230,1.74868e-08,0.992296,6.90743946,93.91485505499134,-0.26939744907183544
8950,16240,3.38363e-10,0.99392,6.96165191,92.12600067299182,-0.27939489105279514
8950,16250,8.14781e-15,0.996791,7.853111000000001,90.33714629099183,-0.22758913900089542
8950,16260,1.82117e-23,0.999074,7.948005,88.54829190899183,-0.17353817562692933
8950,16270,3.79123e-33,0.999774,7.959322,86.75943752699185,-0.16499180822041853
8950,16280,2.05585e-40,0.999923,7.961988,84.97058314499185,-0.15838839281982742
8950,16290,3.95838e-41,0.999933,7.958441,83.18172876299185,-0.17545987094471696
8950,16300,3.64102e-37,0.999879,7.954337,81.39287438099186,-0.21622532245337875
8950,16310,2.20059e-30,0.999673,7.956704,79.60401999899317,-0.14076627278967968
8950,16320,5.09059e-22,0.998908,7.961966,77.81516561699317,-0.04447528019736207
8950,16330,2.61185e-16,0.997518,7.965933,76.02631123499236,-0.06265318653403104
8950,16340,1.20441e-12,0.995771,7.967611,74.23745685299367,-0.05949996859837279
8950,16350,1.0473e-10,0.994379,7.967035,72.44860247099368,-0.07154016110190636
8950,16360,7.34039e-10,0.993672,7.962056,70.65974808899368,-0.05981714631452402
8950,16370,4.65773e-09,0.99281,7.954504,68.87089370699368,-0.03222510534842903
8950,16380,1.82002e-08,0.992082,7.945975,67.08203932499369,-0.025455755559278582
8950,16390,6.5859e-09,0.992321,7.719124999999999,65.2931849429937,5.558659140137636e-06
8950,16400,3.02657e-10,0.993372,6.992140200000001,63.5043305609937,0.014896063961566508
8950,16410,3.47533e-10,0.993181,6.95851426,61.715476178994194,0.027501628256194156
8950,16420,7.36351e-10,0.992635,6.95334994,59.926621796994205,0.01779391467908303
8950,16430,1.14798e-09,0.992166,6.94621273,58.13776741499421,0.032873212438240214
8950,16440,1.06773e-08,0.990772,6.72172799,56.34891303299421,0.025850633790440905
8950,16450,2.49218e-06,0.987457,5.97296677,54.560058650994215,0.02286967473472336
8950,16460,1.05474e-05,0.987277,4.99343312,52.771204268995525,0.028037223582928903
8960,16070,0.977419,0.00532885,0.82567262,121.9283997002564,0.02395433862154976
8960,16080,0.977947,0.00490468,1.7962243199999999,118.36844642433554,0.015794000352731756
8960,16090,0.977607,0.00524719,1.2018608399999997,114.80849314841599,-0.002168589340935634
8960,16100,0.976327,0.00528479,1.0596000100000003,111.24853987249644,-0.008192604065055665
8960,16110,0.969987,0.00623471,1.08826732,107.68858659657688,-0.04036543819213256
8960,16120,0.96366,0.00738672,1.4171717499999998,104.12863332065604,-0.04587521473214509
8960,16130,0.963927,0.00735172,2.58082141,101.96469977399025,-0.08578638041549808
8960,16140,0.959081,0.0101333,2.98008617,100.17584539199025,-0.08139841986739588
8960,16150,0.953205,0.0167698,3.16797679,98.38699100999025,-0.11048800152279933
8960,16160,0.910731,0.060567,3.9818642200000003,96.59813662799156,-0.13987327260816146
8960,16170,0.584841,0.388194,3.9950711100000005,94.80928224599157,-0.15660010063076477
8960,16180,0.330296,0.644029,4.9030564,93.02042786399159,-0.16500494755452463
8960,16190,0.0163914,0.963352,4.97428783,91.23157348199159,-0.19390053899679843
8960,16200,0.000119219,0.985827,5.147244950000001,89.44271909999159,-0.2084739135409847
8960,16210,3.96333e-07,0.990489,6.01551777,87.65386471799208,-0.2307247502442893
8960,16220,7.80254e-10,0.993586,6.356172529999999,85.86501033599208,-0.20584053461902127
8960,16230,4.87591e-11,0.994497,6.614517620000001,84.0761559539921,-0.23175498030170402
8960,16240,2.9905e-11,0.994629,6.93406374,82.28730157199209,-0.18647740162673734
8960,16250,4.96268e-13,0.995883,7.116747000000001,80.4984471899921,-0.1407330174067025
8960,16260,1.51847e-18,0.998147,7.94183,78.70959280799211,-0.10828455815406778
8960,16270,2.47941e-26,0.999395,7.957145,76.92073842599211,-0.09682876845722792
8960,16280,1.3508e-33,0.999793,7.961302000000001,75.13188404399342,-0.09262989007544384
8960,16290,6.48596e-37,0.999874,7.9594439999999995,73.34302966199343,-0.09944083663752643
8960,16300,1.37177e-35,0.999846,7.960356000000001,71.55417527999262,-0.11942362627539793
8960,16310,3.80374e-30,0.999653,7.963177999999999,69.76532089799393,-0.047503854750678226
8960,16320,1.19161e-22,0.998971,7.9677679999999995,67.97646651599393,0.00039522476016319943
8960,16330,3.76988e-17,0.997771,7.970446,66.18761213399394,-0.0004112497125635304
8960,16340,6.25031e-13,0.995949,7.972667000000001,64.39875775199394,-0.013185461049843
8960,16350,2.8833e-11,0.99483,7.972346,62.60990336999395,-0.0008373850153086687
8960,16360,2.90696e-10,0.994049,7.967625,60.821048987993954,-0.04284735801188002
8960,16370,2.56442e-10,0.994107,7.959633999999999,59.03219460599396,-0.029220324855862984
8960,16380,1.36523e-10,0.994088,7.940581,57.24334022399446,-0.015074320265177884
8960,16390,4.06019e-11,0.994021,7.217592000000001,55.45448584199446,-0.010659526669162053
8960,16400,6.09166e-12,0.994236,6.9734939,53.665631459994465,0.002847541965902456
8960,16410,3.38246e-11,0.993561,6.96639729,51.876777077995776,0.023836775702575308
8960,16420,4.62387e-10,0.992563,6.962358439999999,50.08792269599578,0.012709402528510827
8960,16430,1.44895e-08,0.991092,6.946072699999999,48.29906831399578,0.018779081905098863
8960,16440,5.00809e-07,0.988971,6.2297125,46.51021393199579,0.026943331039938987
8960,16450,9.18764e-06,0.98692,5.9875951,44.721359549995796,0.02286967473472336
8960,16460,3.97679e-07,0.989723,5.1731319,42.93250516799629,0.03495292630799512
8970,16070,0.977214,0.00542176,1.00230108,112.58352235096656,0.01629678499280642
8970,16080,0.977487,0.00514983,1.56187881,109.02356907504611,0.007264042604818443
8970,16090,0.977582,0.00527348,1.4186673699999999,105.46361579912656,-0.00676279495081709
8970,16100,0.977512,0.00512403,1.0584772099999997,101.903662523207,-0.0322606819536415
8970,16110,0.975074,0.00525472,1.03836354,98.34370924728616,-0.06818907492598089
8970,16120,0.971747,0.00565598,1.1526699900000001,94.78375597136659,-0.07240896776390865
8970,16130,0.97223,0.00582256,1.99578445,92.12600067299134,-0.10314645003344074
8970,16140,0.974669,0.00527602,2.8958029900000004,90.33714629099134,-0.10231355275351119
8970,16150,0.972657,0.00460747,3.01750802,88.54829190899135,-0.13510057413323548
8970,16160,0.958624,0.0103368,3.3579680700000005,86.75943752699185,-0.17450742231257704
8970,16170,0.843445,0.126718,3.9531119499999994,84.97058314499185,-0.1890182267191887
8970,16180,0.572538,0.399651,4.55047436,83.18172876299185,-0.1909898551165565
8970,16190,0.108797,0.867936,4.9636499700000005,81.39287438099186,-0.216383019869486
8970,16200,0.00105235,0.982652,4.97748778,79.60401999899317,-0.21975590347214785
8970,16210,5.24195e-07,0.990365,5.34188086,77.81516561699317,-0.21273662043835573
8970,16220,8.73327e-11,0.994334,6.05554657,76.02631123499317,-0.1941051497410482
8970,16230,7.60667e-13,0.995709,6.360049030000001,74.23745685299318,-0.16212608829115505
8970,16240,7.67404e-13,0.995693,6.834303370000001,72.44860247099368,-0.10755598087132207
8970,16250,7.56205e-12,0.995056,6.95909296,70.65974808899368,-0.07608108468168108
8970,16260,8.59735e-14,0.996261,7.3225560000000005,68.87089370699368,-0.04829636533418966
8970,16270,1.75389e-18,0.998121,7.922297,67.08203932499369,-0.03720176970948329
8970,16280,1.39128e-24,0.999237,7.955576000000001,65.2931849429937,-0.031835710622733375
8970,16290,1.91326e-29,0.999621,7.960051999999999,63.5043305609937,-0.02940899086410882
8970,16300,6.60706e-31,0.999683,7.963445000000001,61.715476178993704,-0.034128510511305145
8970,16310,1.3792e-27,0.999476,7.966193,59.926621796993714,0.015211202260475641
8970,16320,8.14264e-23,0.998959,7.969214,58.13776741499502,0.04767671710515914
8970,16330,9.9056e-19,0.998137,7.9705829999999995,56.34891303299421,0.04484447029560807
8970,16340,1.35777e-15,0.997115,7.9721969999999995,54.560058650994215,0.04716735171174793
8970,16350,8.83934e-13,0.995733,7.972377000000001,52.771204268995525,0.022053480714857437
8970,16360,1.18392e-11,0.995115,7.96817,50.98234988699553,0.003751070041936773
8970,16370,5.39983e-12,0.99533,7.958856000000001,49.19349550499554,-0.014281099565416556
8970,16380,5.56838e-12,0.99517,7.928583999999999,47.40464112299554,-0.012833678338067186
8970,16390,2.3431e-12,0.994956,7.192793,45.615786740995546,-0.002212316123718064
8970,16400,1.94388e-12,0.994401,6.96430632,43.826932358995556,0.0049626792693587725
8970,16410,5.74722e-11,0.992868,6.96626847,42.03807797699605,0.029963931579276692
8970,16420,4.02163e-08,0.990259,6.96364665,40.24922359499605,0.010951546659462758
8970,16430,2.22492e-05,0.986938,6.9442718999999995,38.460369212996056,0.02666409365084834
8970,16440,0.000637298,0.983691,6.269676,36.67151483099607,0.029058468343395306
8970,16450,0.00131812,0.982157,6.090801320000001,34.88266044899737,0.03184663416987283
8970,16460,7.24065e-07,0.989501,5.96238107,33.093806066997374,0.035090533538646516
8980,16070,0.97713,0.0055912,0.89994576,103.23864500167623,0.03282258512058616
8980,16080,0.977295,0.00540413,1.02743223,99.67869172575668,-0.01209058238081297
8980,16090,0.977861,0.00500511,1.11295888,96.11873844983711,-0.03840781200454058
8980,16100,0.977634,0.00520665,1.0472864199999998,92.55878517391628,-0.05195849270224742
8980,16110,0.977661,0.00499575,1.0330058,88.99883189799671,-0.09237471753777758
8980,16120,0.977477,0.00483376,1.0627561300000001,85.43887862207716,-0.09138527714367504
8980,16130,0.977931,0.00451022,1.39847466,82.28730157199209,-0.12345636491562845
8980,16140,0.978712,0.00449513,2.53926592,80.4984471899921,-0.11442919050983558
8980,16150,0.976183,0.00508248,3.00663609,78.70959280799211,-0.14054662020019762
8980,16160,0.965997,0.00662199,3.0032152699999997,76.92073842599211,-0.16815080717512293
8980,16170,0.929822,0.0390097,3.02845725,75.13188404399342,-0.19775735003494851
8980,16180,0.850359,0.11953,3.9869705,73.34302966199343,-0.21766104456078725
8980,16190,0.460223,0.513539,4.946105300000001,71.55417527999343,-0.2286830760844425
8980,16200,0.00149227,0.982163,4.969265640000001,69.76532089799343,-0.21865741838398262
8980,16210,1.17758e-07,0.991109,4.97983411,67.97646651599393,-0.20527954313820598
8980,16220,4.99651e-12,0.99516,5.04049184,66.18761213399394,-0.1808732245295012
8980,16230,1.38481e-13,0.996177,5.8297762,64.39875775199394,-0.15444386662578435
8980,16240,1.7185e-12,0.995499,6.46416903,62.60990336999395,-0.11337107549400732
8980,16250,2.33388e-10,0.993784,6.9514795,60.821048987993954,-0.08333972324510365
8980,16260,7.49833e-10,0.993382,6.96936085,59.03219460599396,-0.06475295123810275
8980,16270,6.21787e-13,0.995807,7.0010853,57.24334022399527,-0.05581259758914727
8980,16280,1.14151e-17,0.997911,7.710458,55.45448584199527,-0.046981284253135594
8980,16290,2.82727e-23,0.999063,7.947282000000001,53.66563145999528,-0.029269958402009882
8980,16300,7.5244e-26,0.999332,7.959191,51.876777077995776,-0.02324958909547661
8980,16310,2.43933e-25,0.999258,7.963528999999999,50.08792269599578,-0.013603113616528903
8980,16320,3.1057e-23,0.998984,7.965678,48.29906831399578,0.016075362915177235
8980,16330,4.29843e-21,0.998596,7.966902000000001,46.51021393199579,0.049670073246931325
8980,16340,2.60172e-18,0.997889,7.966838,44.721359549995796,0.04484447029560807
8980,16350,2.39763e-15,0.996822,7.969073999999999,42.9325051679958,0.02305968573015586
8980,16360,1.08804e-12,0.995603,7.967518999999999,41.14365078599581,0.013910317595385248
8980,16370,2.33162e-12,0.995564,7.958634999999999,39.35479640399581,-0.0016894749752667034
8980,16380,1.70351e-12,0.995637,7.945141,37.56594202199631,-0.0026881736618003024
8980,16390,2.1034e-13,0.995859,7.901180999999999,35.77708763999631,0.0028086149263814686
8980,16400,5.73213e-13,0.995144,7.404777,33.98823325799631,-0.0010678354546050357
8980,16410,9.5716e-11,0.993133,6.993022799999999,32.199378875996324,0.02397506418917308
8980,16420,7.85424e-07,0.988898,7.142598,30.410524493997627,0.008843542345334394
8980,16430,0.00230715,0.981228,7.562722,28.621670111997634,0.023855543043957858
8980,16440,0.0309666,0.95017,7.703951,26.83281572999764,0.031880902756219534
8980,16450,0.00270986,0.980355,6.723833000000001,25.043961347997644,0.030788205506721306
8980,16460,1.45794e-06,0.988754,6.0149438,23.255106965998138,0.03403322396236073
8990,16070,0.976909,0.00566581,0.23870432,93.89376765238639,0.020458021218740265
8990,16080,0.976165,0.00548221,0.25639656000000005,90.33381437646683,-0.027357441805575228
8990,16090,0.973666,0.00581016,1.0102017399999998,86.77386110054768,-0.048982984814693195
8990,16100,0.973168,0.00598045,1.05671636,83.21390782462683,-0.06904790454738342
8990,16110,0.975494,0.00548204,1.0373530699999998,79.65395454870728,-0.0879124667090217
8990,16120,0.978395,0.00472265,1.0329844000000001,76.09400127278772,-0.11820752224217757
8990,16130,0.978741,0.00448568,1.12696204,72.53404799686687,-0.09553522465605319
8990,16140,0.978661,0.00437865,2.06708151,70.65974808899368,-0.11020025575135323
8990,16150,0.977799,0.00454348,3.01099843,68.87089370699368,-0.1162727453542958
8990,16160,0.972053,0.0057813,3.00657608,67.08203932499369,-0.1400325351591835
8990,16170,0.963086,0.00795926,3.00117361,65.2931849429937,-0.18251699198687088
8990,16180,0.960069,0.0101403,3.08555472,63.50433056099419,-0.21653658964573932
8990,16190,0.882301,0.0892352,4.42211509,61.715476178994194,-0.2253103210980606
8990,16200,0.00596014,0.976166,4.95050266,59.926621796994205,-0.2120849534399737
8990,16210,7.94111e-08,0.99092,4.9691519,58.13776741499421,-0.19788419444407926
8990,16220,3.92997e-12,0.995053,4.97559759,56.34891303299421,-0.17482425777030333
8990,16230,1.9131e-13,0.995876,4.99863747,54.560058650994215,-0.12962385157279255
8990,16240,5.01079e-11,0.994256,5.59474444,52.771204268995525,-0.12094164481700587
8990,16250,1.03774e-07,0.990964,6.931436049999999,50.98234988699553,-0.11656037860890134
8990,16260,2.58759e-07,0.990545,6.96433251,49.19349550499554,-0.10013307999019791
8990,16270,5.74286e-10,0.993501,6.97209456,47.40464112299603,-0.07622249839452833
8990,16280,1.91773e-14,0.996646,6.993197100000001,45.615786740996036,-0.05320539968946915
8990,16290,1.89523e-19,0.998374,7.503369,43.82693235899604,-0.04423260954410663
8990,16300,1.92954e-22,0.998925,7.943458999999999,42.03807797699605,-0.04444149979740731
8990,16310,1.25712e-23,0.999078,7.958068,40.24922359499605,-0.032262202428621045
8990,16320,7.46844e-24,0.999073,7.962520999999999,38.460369212996056,0.0010123166040818545
8990,16330,6.70425e-23,0.998884,7.965039,36.67151483099607,0.03361084554845575
8990,16340,8.73089e-21,0.998423,7.965094,34.88266044899737,0.030792716839957938
8990,16350,1.03406e-16,0.997231,7.96787,33.093806066996564,0.01700721264723315
8990,16360,4.47246e-14,0.996223,7.968958,31.304951684996567,0.015257119145763968
8990,16370,2.87643e-13,0.996083,7.963636,29.516097302997874,0.00840482338836574
8990,16380,7.48783e-14,0.99649,7.957812999999999,27.72724292099788,0.007355432693957107
8990,16390,1.66716e-14,0.996699,7.949396999999999,25.938388538997888,0.005143116570239145
8990,16400,9.67195e-15,0.99662,7.944292,24.14953415699789,0.0028364561673645747
8990,16410,7.36982e-12,0.994861,7.933828999999999,22.360679774997898,0.0250309575259652
8990,16420,1.94749e-07,0.990592,7.944497999999999,20.571825392997905,0.03003379891698389
8990,16430,2.83213e-05,0.987768,7.946971,18.7829710109984,0.018917370391696425
8990,16440,0.000176774,0.986102,7.937281,16.994116628998402,0.025162485472300294
8990,16450,2.87154e-06,0.988436,7.632067,15.205262246998407,0.02690322464587849
8990,16460,4.28436e-09,0.991626,6.951202799999999,13.416407864998414,0.028026137784390923
9000,16070,0.975817,0.00580691,0.42333688,84.54889030309694,0.0064118366360599146
9000,16080,0.971124,0.00659737,0.8773556699999999,80.98893702717739,-0.020727121921148152
9000,16090,0.96536,0.00758137,0.7414997000000001,77.42898375125785,-0.06167701262257802
9000,16100,0.96531,0.00714736,1.0261455200000003,73.86903047533698,-0.08914407945886228
9000,16110,0.970708,0.00614001,1.03151848,70.30907719941743,-0.09619521082030066
9000,16120,0.976404,0.00501506,1.25839624,66.74912392349829,-0.12609422524001965
9000,16130,0.97827,0.00454049,1.68945215,63.189170647577434,-0.10441222782053176
9000,16140,0.978427,0.00447591,1.69893597,60.821048987993954,-0.11178016601897559
9000,16150,0.979017,0.00440633,2.89871308,59.03219460599396,-0.0967518079437526
9000,16160,0.976982,0.00481584,2.99766343,57.24334022399527,-0.10571504308755977
9000,16170,0.97371,0.00537895,3.2147950399999994,55.45448584199527,-0.13900732835651303
9000,16180,0.973019,0.00574946,3.4799159999999993,53.66563145999528,-0.17070563434748892
9000,16190,0.961287,0.00848291,3.4447545200000005,51.876777077995285,-0.18661074695451418
9000,16200,0.0804281,0.898348,4.52549039,50.08792269599529,-0.20447935365554298
9000,16210,2.19236e-06,0.988328,4.91173315,48.29906831399578,-0.18196981278107086
9000,16220,2.52177e-10,0.99305,4.9372951899999995,46.51021393199579,-0.15663509982897292
9000,16230,3.69712e-11,0.993742,4.91881707,44.721359549995796,-0.13733711809021582
9000,16240,1.49845e-09,0.992442,5.01540352,42.9325051679958,-0.12897108684568045
9000,16250,3.49376e-06,0.988398,6.573215660000001,41.14365078599581,-0.12135773434908374
9000,16260,2.94736e-05,0.987117,6.94370971,39.35479640399581,-0.10650831366144406
9000,16270,1.18749e-07,0.991021,6.96533358,37.565942021995816,-0.08254070457645549
9000,16280,3.75934e-11,0.994669,6.96884815,35.77708763999712,-0.059998304805254705
9000,16290,4.93564e-15,0.996954,7.006273599999999,33.98823325799713,-0.056790787143088765
9000,16300,4.50657e-19,0.998297,7.663359000000001,32.199378875996324,-0.0538883437219322
9000,16310,3.48278e-21,0.998716,7.938358,30.410524493997627,-0.04119562909749708
9000,16320,1.84615e-23,0.999027,7.9566040000000005,28.621670111997634,-0.009157262565547233
9000,16330,7.768e-24,0.999037,7.961759000000001,26.83281572999764,0.02344126637882686
9000,16340,4.65348e-23,0.998894,7.966676,25.043961347997644,0.021994013714069772
9000,16350,3.61039e-20,0.99834,7.969964,23.255106965997648,0.010917883953102028
9000,16360,3.41965e-17,0.997603,7.970793,21.466252583997655,0.010197233160591391
9000,16370,1.72868e-15,0.997175,7.968405000000001,19.67739820199766,0.005051366188032224
9000,16380,1.721e-15,0.997244,7.964684999999999,17.888543819998155,0.006022099163092882
9000,16390,6.9828e-16,0.997356,7.9615849999999995,16.099689437998162,0.00013392259294173594
9000,16400,2.99241e-16,0.997478,7.9577230000000005,14.310835055998165,0.0028364561673645747
9000,16410,1.12e-13,0.996347,7.957292,12.521980673999472,0.021848841087178727
9000,16420,2.48051e-10,0.994114,7.960580000000001,10.73312629199948,0.03214180323111226
9000,16430,1.02013e-08,0.992667,7.9605049999999995,8.944271909999484,0.013954691122337621
9000,16440,1.09229e-08,0.99243,7.955990999999999,7.155417527999489,0.020180385639821316
9000,16450,8.8437e-11,0.993825,7.923786,5.366563145999495,0.014080642905516349
9000,16460,1.90255e-13,0.995311,6.974474300000001,3.577708763999989,0.018054743575419384
9010,16070,0.975025,0.00620605,2.10352745,75.2040129538075,0.004132368638387975
9010,16080,0.965515,0.00766643,2.4534976,71.64405967788795,-0.03288048928466785
9010,16090,0.952037,0.0164301,1.45072352,68.08410640196752,-0.06992559608631181
9010,16100,0.950386,0.0178228,0.3575147,64.52415312604795,-0.08526773968526316
9010,16110,0.966924,0.00658527,0.27762190000000003,60.9641998501284,-0.09100895632373777
9010,16120,0.97529,0.00536428,1.39436885,57.40424657420755,-0.11142919414471959
9010,16130,0.978261,0.00451206,1.9444496299999998,53.844293298288,-0.10314645003344074
9010,16140,0.978496,0.00427579,2.21359613,50.98234988699553,-0.10417354192231397
9010,16150,0.978522,0.00449615,1.49765706,49.19349550499554,-0.06784720951019717
9010,16160,0.977128,0.00464577,2.2336615799999997,47.40464112299554,-0.06946565693207235
9010,16170,0.975782,0.00500953,3.3296492799999995,45.615786740995546,-0.07927637938871762
9010,16180,0.976054,0.00484662,3.6234471599999996,43.82693235899604,-0.09964159257091754
9010,16190,0.969369,0.00471274,3.9292293199999997,42.03807797699605,-0.1607445265798332
9010,16200,0.810798,0.162025,3.22102642,40.24922359499605,-0.18923899560746552
9010,16210,0.00292545,0.978854,3.7340373700000002,38.460369212996056,-0.17142908274847715
9010,16220,2.56961e-06,0.987035,4.3660478099999995,36.67151483099607,-0.14958965020871348
9010,16230,6.56934e-08,0.989556,4.632136,34.88266044899737,-0.13251309533580136
9010,16240,2.42222e-07,0.989335,4.9564049699999995,33.093806066997374,-0.13544022157165567
9010,16250,1.33509e-05,0.987046,5.175194470000001,31.30495168499738,-0.12779793965754913
9010,16260,3.051e-05,0.986832,6.64412003,29.516097302997387,-0.11291868415778905
9010,16270,4.34415e-07,0.990277,6.95444168,27.72724292099788,-0.09048929185312021
9010,16280,2.32924e-09,0.993161,6.963530199999999,25.938388538997888,-0.06630422695026025
9010,16290,1.53789e-12,0.995656,6.96673443,24.14953415699789,-0.05837241564278691
9010,16300,2.79324e-15,0.997054,7.0026888,22.360679774997898,-0.05864259367596846
9010,16310,8.13695e-19,0.998188,7.648891,20.571825392997905,-0.06336211332316476
9010,16320,5.69315e-22,0.998822,7.950744,18.782971010997908,-0.015994896043151286
9010,16330,5.25787e-25,0.999202,7.958913,16.994116628997915,0.01660363290122265
9010,16340,6.61695e-26,0.999291,7.965133,15.205262246997918,0.010369951206096857
9010,16350,1.89302e-23,0.999026,7.969817999999999,13.416407864998414,0.0027406663266533664
9010,16360,7.4138e-20,0.998463,7.971278,11.627553482998419,0.00272944557031098
9010,16370,4.25249e-17,0.997771,7.970000000000001,9.838699100998424,-0.003043113083821337
9010,16380,8.0055e-16,0.997316,7.9666820000000005,8.049844718999731,-0.0010072184836737875
9010,16390,3.93449e-16,0.997453,7.963546,6.260990336999736,0.001806443471199707
9010,16400,1.04779e-16,0.997694,7.960958,4.472135954999742,0.0
9010,16410,3.57514e-16,0.997508,7.963279000000001,2.6832815729997477,0.016875572519012165
9010,16420,5.06608e-14,0.996598,7.966804000000001,0.8944271909997532,0.022256952969913226
9010,16430,1.02126e-12,0.995927,7.965912,0.8944271909997532,0.0
9010,16440,8.2746e-12,0.995241,7.961571999999999,2.6832815729997477,0.0
9010,16450,3.16075e-13,0.995725,7.95222,4.472135954999742,0.0
9010,16460,8.09024e-15,0.996237,7.152318,6.260990336999736,0.0
9020,16070,0.972242,0.00668246,2.2865646699999997,65.85913560451807,-0.0028534826606784274
9020,16080,0.95967,0.0109761,2.3368589,62.29918232859852,-0.031351735987199036
9020,16090,0.937027,0.0323577,1.4842920400000001,58.73922905267767,-0.06013571081378519
9020,16100,0.939236,0.0297295,0.43152453,55.17927577675811,-0.07096297811683598
9020,16110,0.962455,0.00818654,0.17186300999999998,51.619322500838564,-0.08291612665776268
9020,16120,0.974925,0.00536112,1.1314952200000001,48.059369224918115,-0.09204526330792241
9020,16130,0.978745,0.00458477,1.47989445,44.49941594899856,-0.09646314502451207
9020,16140,0.978805,0.00433858,1.9460525100000001,41.14365078599581,-0.07618613757868639
9020,16150,0.977944,0.00447735,1.4233418400000002,39.3547964039963,-0.0592875713919574
9020,16160,0.97663,0.00467406,1.50868335,37.56594202199631,-0.051491877758982875
9020,16170,0.97509,0.00484057,3.04452044,35.77708763999631,-0.03486189360520246
9020,16180,0.975736,0.00485503,3.3763922499999994,33.98823325799631,-0.061600433462731995
9020,16190,0.97628,0.00472737,3.84088477,32.199378875996324,-0.053877366627166114
9020,16200,0.963741,0.00666596,3.3467364400000004,30.410524493997627,-0.0896036665482541
9020,16210,0.615306,0.357533,3.6072941500000004,28.621670111997634,-0.08896061223676491
9020,16220,0.0274044,0.951176,4.10592791,26.83281572999764,-0.07891521974957638
9020,16230,0.000354054,0.983043,4.38856295,25.043961347997644,-0.0799598045274892
9020,16240,4.01395e-05,0.985625,4.86254354,23.255106965998138,-0.09048243733229744
9020,16250,3.05629e-05,0.986543,4.98436558,21.466252583998145,-0.07130971440440365
9020,16260,1.95685e-05,0.987405,5.94451454,19.67739820199815,-0.06019228403897632
9020,16270,1.28061e-06,0.989659,6.91998189,17.888543819998155,-0.04219021122806647
9020,16280,4.62219e-08,0.991683,6.95875249,16.099689437998162,-0.0280246506815632
9020,16290,6.92927e-10,0.993578,6.96570793,14.310835055998165,-0.05521165624234793
9020,16300,3.08789e-12,0.995406,6.97110514,12.521980673999472,-0.033530877897718574
9020,16310,7.61478e-16,0.997208,7.5727210000000005,10.73312629199948,-0.03309930534304346
9020,16320,3.26172e-20,0.998476,7.952071,8.94427190999867,0.013414017365663356
9020,16330,4.7748e-25,0.999215,7.958437,7.155417527999978,0.02344126637882686
9020,16340,1.18198e-27,0.999464,7.964300999999999,5.366563145999984,0.0065801103220372355
9020,16350,1.3481e-25,0.99931,7.9688859999999995,3.577708763999989,-0.005159082810027336
9020,16360,7.45143e-22,0.998868,7.970293000000001,1.7888543819999945,0.0
9020,16370,1.46644e-18,0.998198,7.968309,0.0,0.0
9020,16380,5.21323e-16,0.997411,7.963500999999999,1.7888543819999945,0.0
9020,16390,6.04348e-16,0.9974,7.959257,3.577708763999989,0.0
9020,16400,6.39736e-16,0.997429,7.957272,5.366563145999495,0.0
9020,16410,3.62522e-16,0.997549,7.963425,7.155417527999489,0.0
9020,16420,2.89573e-15,0.997214,7.965351,8.944271909999484,0.0
9020,16430,3.93545e-14,0.996668,7.962053000000001,10.73312629199948,-0.021190256571649642
9020,16440,4.36906e-13,0.996056,7.9581789999999994,12.521980673999472,-0.010141097951698876
9020,16450,3.46759e-13,0.995841,7.952285,14.310835055998165,-0.007671019924978385
9020,16460,2.44842e-13,0.995636,7.929971000000001,16.099689437998162,-0.0021865897924880757
9030,16070,0.970988,0.00685252,1.43416622,56.51425825522863,-0.00519104637990832
9030,16080,0.958418,0.0115744,1.84826584,52.954304979307786,-0.017029706417130638
9030,16090,0.932953,0.0366162,0.99163591,49.39435170338823,-0.04259928310295704
9030,16100,0.944473,0.024859,0.12819168,45.83439842746868,-0.06579279948741103
9030,16110,0.962105,0.0088309,0.06724861,42.27444515154912,-0.07416254836942064
9030,16120,0.973461,0.00547445,0.54467687,38.714491875628276,-0.07561557925101413
9030,16130,0.977632,0.00463608,1.06119725,35.154538599708715,-0.08020877985033016
9030,16140,0.978764,0.00440114,1.33485448,31.594585323789165,-0.049805467985627704
9030,16150,0.978225,0.00453066,1.07962497,29.516097302997874,-0.036975461056933716
9030,16160,0.976761,0.00492227,1.04132556,27.72724292099788,-0.025584540700638786
9030,16170,0.976561,0.00459184,1.5553598499999999,25.938388538997888,-0.02657484523411383
9030,16180,0.977291,0.0044262,2.7752781300000002,24.14953415699789,-0.010303873144230018
9030,16190,0.977826,0.00455403,3.2585706099999996,22.360679774997898,-0.018186032196312416
9030,16200,0.976859,0.0044755,3.0260339000000003,20.571825392997905,-0.027571451898729348
9030,16210,0.97,0.00483385,3.7950933300000003,18.7829710109984,-0.05107210626615225
9030,16220,0.940239,0.0304323,4.0191941799999995,16.994116628998402,-0.047629486839955514
9030,16230,0.237656,0.739033,4.108682030000001,15.205262246998407,-0.06904972333106106
9030,16240,0.00803379,0.973334,4.50599937,13.416407864998414,-0.06293547968918489
9030,16250,0.000747789,0.98344,4.97808356,11.627553482998419,-0.05366763714938987
9030,16260,3.54174e-05,0.987135,5.7837458,9.838699100998424,-0.015926805913608896
9030,16270,4.67687e-06,0.988718,6.000735590000001,8.049844718999731,-0.015180667165280739
9030,16280,6.50222e-07,0.989943,6.717787630000001,6.260990336999736,-0.011416490303163282
9030,16290,2.18775e-07,0.990773,6.9550087000000005,4.472135954998929,-0.008491661530049236
9030,16300,2.02016e-09,0.993065,6.96662868,2.6832815730002357,-0.018660284641229614
9030,16310,5.88205e-13,0.995716,7.76335,0.8944271910002413,-0.007222380403394032
9030,16320,1.98602e-17,0.997729,7.949893,0.8944271909997532,0.0
9030,16330,4.0217e-22,0.998823,7.958012,2.6832815729997477,0.0
9030,16340,5.78729e-26,0.999329,7.962541000000001,4.472135954999742,0.0
9030,16350,3.72528e-26,0.999364,7.9666,6.260990336999736,0.0
9030,16360,6.04013e-24,0.999145,7.967637,8.049844718999731,0.0
9030,16370,9.06048e-21,0.998691,7.964303999999999,9.838699100998424,0.0
9030,16380,1.02858e-17,0.997994,7.957214999999999,11.62755348299923,-0.009157262565547233
9030,16390,7.27378e-15,0.99696,7.925916,13.416407864999227,-0.011135596761755379
9030,16400,5.89493e-14,0.996553,7.95491,15.205262246997918,-0.013285704663223053
9030,16410,5.25322e-14,0.996611,7.960645,16.994116628997915,-0.02300309182453837
9030,16420,6.46572e-14,0.996618,7.960958,18.782971010997908,-0.010192781394148033
9030,16430,1.38975e-13,0.996357,7.955634,20.571825392997905,-0.03434078341640154
9030,16440,2.37453e-12,0.995536,7.924664,22.360679774997898,-0.016349974228660386
9030,16450,3.21512e-11,0.99467,7.951874,24.14953415699789,-0.02207938350271175
9030,16460,2.87618e-10,0.993697,7.954334,25.938388538997398,-0.023172080752209806
9040,16070,0.96454,0.00840153,0.29626729000000007,47.16938090593879,-0.0033394675609996235
9040,16080,0.93356,0.0356498,0.47152306999999993,43.60942763001795,-0.0236223381848321
9040,16090,0.899207,0.0704846,0.45000474,40.0494743540988,-0.045177376742675496
9040,16100,0.930284,0.0394102,0.35030322,36.48952107817924,-0.06167701262257802
9040,16110,0.952426,0.0167045,0.17159576999999998,32.92956780225839,-0.07028620859582148
9040,16120,0.963333,0.00783353,0.06016939,29.369614526338836,-0.07053469729728128
9040,16130,0.967669,0.00625847,0.09898916,25.809661250419282,-0.05594504700578779
9040,16140,0.973398,0.0054252,0.2071075,22.249707974499724,-0.05532729093046607
9040,16150,0.977176,0.00464113,1.1703321699999998,19.67739820199815,-0.029161988342768667
9040,16160,0.97832,0.00449409,1.4780105300000002,17.888543819998155,-0.00122702114595613
9040,16170,0.977901,0.00462977,1.2392500699999998,16.099689437998162,-0.007505080285608222
9040,16180,0.978106,0.00438507,1.0915417399999998,14.310835055998654,-0.0057674161771668515
9040,16190,0.978663,0.00436624,1.65834371,12.521980673998659,0.022494216298920063
9040,16200,0.978622,0.00453905,3.0884370399999996,10.733126291998666,-0.004826395841613516
9040,16210,0.978916,0.00445051,4.21978384,8.94427190999867,-0.023570422773256015
9040,16220,0.97644,0.00427856,4.18290025,7.155417527999978,-0.012907650490749888
9040,16230,0.946843,0.0240181,4.00898726,5.366563145999984,-0.03964388806071589
9040,16240,0.442808,0.532694,4.0844157,3.577708763999989,-0.049940949596134744
9040,16250,0.00907574,0.97317,5.08674401,1.7888543819999945,-0.029969379903881852
9040,16260,0.000158972,0.985708,6.20753951,7.499885442698834e-12,-0.00396145253829023
9040,16270,1.32626e-05,0.987603,6.16664956,1.7888543819995064,0.0
9040,16280,3.54723e-06,0.988405,6.0119328,3.577708763999501,0.0
9040,16290,2.58175e-06,0.988865,6.51336246,5.366563145999495,0.0
9040,16300,1.57193e-07,0.990805,6.95182596,7.155417527999489,0.0
9040,16310,3.705e-10,0.993698,7.751579,8.944271909999484,0.0
9040,16320,1.42494e-13,0.99613,7.944067,10.73312629199948,0.01846804473254611
9040,16330,2.47099e-17,0.997724,7.9551940000000005,12.521980673999472,-0.0016894749752667034
9040,16340,1.83893e-21,0.998742,7.960728,14.310835055998165,-0.002444562069471624
9040,16350,1.49369e-23,0.999076,7.964517999999999,16.099689437998975,0.007615128527252122
9040,16360,6.06991e-24,0.999147,7.964980000000001,17.88854381999897,0.004108187907293256
9040,16370,2.34133e-21,0.998791,7.961049000000001,19.67739820199766,-0.007544617405874375
9040,16380,1.72927e-18,0.99815,7.960756,21.466252583997655,-0.03155268607407726
9040,16390,7.17342e-16,0.997316,7.960096,23.255106965997648,-0.0358706262679993
9040,16400,1.02377e-14,0.996836,7.962168999999999,25.043961347997644,-0.03447785433482809
9040,16410,1.29096e-15,0.997197,7.96219,26.83281572999764,-0.042091103751004326
9040,16420,1.29178e-15,0.99719,7.962202,28.621670111997634,-0.009094489927643694
9040,16430,2.43679e-14,0.996656,7.962481,30.41052449399714,-0.034330997066198736
9040,16440,5.62163e-12,0.995295,7.961130000000001,32.199378875997134,-0.06398025920356044
9040,16450,4.21846e-10,0.993785,7.963375999999999,33.98823325799713,-0.056914596026911804
9040,16460,5.09111e-09,0.992672,7.9628499999999995,35.77708763999712,-0.046131138806996666
9050,16070,0.948088,0.0215533,0.9718633999999999,37.824503556649354,-0.0032926028126547603
9050,16080,0.783765,0.186958,1.5615780499999998,34.26455028072851,-0.023723152109099623
9050,16090,0.70791,0.263126,1.13456245,30.704597004808953,-0.03422749063061663
9050,16100,0.821219,0.149207,0.7353016800000001,27.144643728889395,-0.03546928765242854
9050,16110,0.923689,0.0462325,0.5238415099999999,23.584690452968548,-0.04289033292793063
9050,16120,0.720845,0.250612,0.114655,20.0247371770494,-0.04390041140020679
9050,16130,0.446909,0.525511,0.22745079999999998,16.46478390112984,-0.0403337018537692
9050,16140,0.781079,0.189143,0.38528727,12.904830625208993,-0.032268318894929815
9050,16150,0.959776,0.0102344,1.9462435399999998,9.838699100998424,-0.005113125699480874
9050,16160,0.977203,0.0045506,2.0198176400000003,8.049844718999731,0.003996708728945211
9050,16170,0.978159,0.00465466,2.16339201,6.260990336999736,0.0026715282585395425
9050,16180,0.978066,0.00478846,1.6351322900000003,4.472135954999742,0.006722003620594624
9050,16190,0.978583,0.00448301,1.3311758700000003,2.6832815729997477,0.006767494918391872
9050,16200,0.979041,0.00424066,3.4801705000000003,0.8944271909997532,-0.0053789915203112494
9050,16210,0.979063,0.00456271,4.38923943,0.8944271909997532,0.0
9050,16220,0.978199,0.00469158,4.8597995,2.6832815729997477,0.0
9050,16230,0.969043,0.00429915,4.06939365,4.472135954999742,0.0
9050,16240,0.932661,0.0391916,4.07410599,6.260990336999736,0.0
9050,16250,0.279466,0.697343,5.746153819999999,8.049844718999731,0.0
9050,16260,0.0108576,0.970593,6.38864771,9.838699100998424,0.0
9050,16270,0.000271476,0.984546,6.844848580000001,11.627553482998419,0.017845444431423517
9050,16280,1.41423e-05,0.986983,6.05215835,13.416407864998414,0.023821722744357416
9050,16290,1.07613e-06,0.989093,6.01411687,15.205262246997918,0.023092805511621944
9050,16300,3.91702e-07,0.990115,6.670276159999999,16.994116628997915,0.028728786221491068
9050,16310,2.10579e-08,0.992031,7.407018,18.782971010997908,0.014675147966321496
9050,16320,3.97517e-10,0.993816,7.935585000000001,20.571825392997905,-0.0009815148833119474
9050,16330,7.4846e-12,0.99505,7.949161999999999,22.360679774997898,-0.025808472382578506
9050,16340,2.08081e-15,0.997029,7.9595959999999994,24.14953415699789,-0.03543020826041086
9050,16350,1.83082e-18,0.998114,7.963984999999999,25.938388538997888,-0.014207468569428037
9050,16360,2.05747e-20,0.998595,7.963492,27.72724292099788,-0.019590299924994656
9050,16370,3.28908e-20,0.998554,7.959943000000001,29.516097302997874,-0.038542205207150786
9050,16380,3.76842e-19,0.99829,7.960318999999998,31.30495168499738,-0.07311900515418968
9050,16390,5.68359e-19,0.998219,7.964511,33.093806066997374,-0.07662619787353211
9050,16400,1.92344e-19,0.99833,7.967424,34.88266044899737,-0.07471685926176554
9050,16410,1.02312e-20,0.998578,7.966984,36.67151483099607,-0.07023083959773765
9050,16420,1.11302e-20,0.998541,7.966941,38.460369212996056,-0.04289294147299833
9050,16430,7.10586e-18,0.997875,7.967675,40.24922359499605,-0.07230888037755585
9050,16440,2.16691e-13,0.996149,7.969733999999999,42.03807797699605,-0.11437858069590116
9050,16450,3.93562e-10,0.993906,7.972106,43.82693235899604,-0.08667185074968509
9050,16460,2.94984e-09,0.993075,7.970699,45.615786740995546,-0.07263454752213985
9060,16070,0.930563,0.0387561,3.26070368,28.47962620735862,-0.008655270325239725
9060,16080,0.674987,0.296469,3.14898634,24.919672931439067,-0.013952114943977615
9060,16090,0.720723,0.250365,2.2043608700000004,21.359719655519918,-0.016851552800734828
9060,16100,0.852578,0.117715,1.2260408,17.799766379599067,-0.031328052773859465
9060,16110,0.790713,0.180117,0.85257846,14.239813103679513,-0.038803269393381655
9060,16120,0.0373077,0.938881,0.30743052,10.679859827759959,-0.03464226030037107
9060,16130,0.00343648,0.974536,0.34866218000000004,7.119906551839109,-0.028418163609780223
9060,16140,0.0175796,0.958863,0.40344601,3.5599532759195545,-0.02604089540728242
9060,16150,0.782691,0.187753,1.19051952,0.0,0.0
9060,16160,0.970292,0.00618457,2.12268476,1.7888543819999945,0.0
9060,16170,0.978127,0.0046066,2.67396845,3.577708763999989,0.0
9060,16180,0.978177,0.00464618,2.02866717,5.366563145999495,0.0
9060,16190,0.978555,0.0044928,2.0669897999999995,7.155417527999489,0.0
9060,16200,0.978746,0.00445967,2.238296,8.944271909999484,0.0
9060,16210,0.978592,0.00463003,3.77531557,10.73312629199948,-0.0013430121002833192
9060,16220,0.978557,0.00459568,4.66862874,12.521980673999472,0.011842774079122046
9060,16230,0.977596,0.0043192,4.010152339999999,14.310835055998165,0.014144402007493432
9060,16240,0.972535,0.00414843,4.0713975,16.099689437998162,0.02285467684966242
9060,16250,0.932388,0.0387918,4.981352520000001,17.888543819998155,0.011161665149386194
9060,16260,0.292858,0.682542,6.055289029999999,19.67739820199766,0.020049747730091702
9060,16270,0.00169886,0.980384,6.65236368,21.466252583997655,0.02674294574393078
9060,16280,9.29378e-06,0.986844,5.987441699999999,23.255106965997648,0.04832064931162147
9060,16290,3.3828e-07,0.98954,5.96675159,25.043961347997644,0.05021410079069432
9060,16300,4.1323e-08,0.991308,6.00272665,26.83281572999764,0.024126475904426455
9060,16310,4.41179e-08,0.991617,6.820024000000001,28.621670111997634,-0.011391375109794181
9060,16320,4.22221e-08,0.991653,7.918504999999999,30.410524493997627,-0.07617290877638805
9060,16330,4.30439e-08,0.991548,7.942404,32.199378875996324,-0.08594387257836025
9060,16340,2.301e-10,0.993968,7.955095,33.98823325799631,-0.1256267624036257
9060,16350,4.23628e-13,0.995958,7.960554999999999,35.77708763999712,-0.14625302416474767
9060,16360,9.69765e-17,0.997588,7.959128,37.565942021995816,-0.1311915690506713
9060,16370,1.15385e-18,0.998186,7.957232,39.35479640399581,-0.1352997569579645
9060,16380,1.68222e-19,0.998392,7.957325,41.14365078599581,-0.1444391927337051
9060,16390,5.22323e-21,0.998672,7.963992,42.9325051679958,-0.14776451530068527
9060,16400,1.49324e-22,0.998892,7.968138,44.721359549995796,-0.1536467033305346
9060,16410,2.28857e-24,0.999114,7.9691719999999995,46.51021393199579,-0.1462194142819995
9060,16420,2.92186e-24,0.9991,7.970037,48.29906831399578,-0.15697128677049
9060,16430,2.57617e-21,0.998662,7.97102,50.08792269599529,-0.1902666433662785
9060,16440,1.91759e-16,0.997433,7.972937,51.876777077995285,-0.16668622381083734
9060,16450,5.79189e-12,0.995371,7.975054999999999,53.66563145999528,-0.14033551700527988
9060,16460,1.14925e-10,0.994544,7.973409,55.45448584199527,-0.12321632245746106
9070,16070,0.943548,0.02549,3.90784368,19.134748858069184,-6.488890726415126e-05
9070,16080,0.899489,0.0703525,3.9371209,15.57479558214963,-0.015605365379053708
9070,16090,0.916645,0.0532547,3.37734149,12.014842306230074,-0.019592186526227615
9070,16100,0.940872,0.0285184,2.3459718499999997,8.454889030309225,-0.023507818417266017
9070,16110,0.84498,0.12538,1.55649283,4.894935754389671,-0.029873573844571382
9070,16120,0.0244343,0.95187,0.72607325,1.3349824784705209,-0.020405085638245415
9070,16130,0.000791127,0.978414,0.7936784800000001,2.2249707974503288,0.0
9070,16140,0.00497154,0.972511,1.0568685,5.784924073369883,0.0
9070,16150,0.610007,0.361311,1.09753066,9.344877349289439,0.0
9070,16160,0.96838,0.00699575,1.25589296,11.62755348299923,0.007940355112228301
9070,16170,0.978082,0.00481645,1.9672382299999998,13.416407864999227,0.009297278081903013
9070,16180,0.978179,0.00467343,1.99432522,15.205262246997918,0.0
9070,16190,0.97816,0.00471624,1.9961124799999999,16.994116628997915,0.002693112449517357
9070,16200,0.978084,0.00473348,1.45887947,18.782971010997908,0.004067110024290468
9070,16210,0.978291,0.00463154,2.3861666299999995,20.571825392997905,0.004007200602250761
9070,16220,0.978152,0.00458889,3.9291835700000006,22.360679774997898,0.015755806101156514
9070,16230,0.978189,0.00449449,3.9681873599999995,24.1495341569974,0.021771738294417052
9070,16240,0.9782,0.00478893,3.9811662,25.938388538997398,0.029612992955353707
9070,16250,0.962792,0.00735614,4.04933459,27.72724292099739,0.015590679123189928
9070,16260,0.367543,0.606625,4.702025539999999,29.516097302997387,0.03319141486805814
9070,16270,0.000254805,0.98285,5.90054989,31.30495168499738,0.02674294574393078
9070,16280,6.63184e-07,0.98826,5.94224677,33.093806066997374,0.03279910082177728
9070,16290,7.24312e-09,0.991483,5.95174062,34.88266044899737,-0.004784608996154097
9070,16300,1.18913e-09,0.992813,5.959250190000001,36.67151483099607,-0.03282514476375322
9070,16310,4.17617e-09,0.992415,6.748875,38.460369212996056,-0.10179498185068336
9070,16320,3.43449e-08,0.991477,7.893423,40.24922359499687,-0.16779515397294786
9070,16330,1.35579e-07,0.990657,7.9362,42.03807797699556,-0.21535268714475028
9070,16340,1.24114e-08,0.991918,7.947680999999999,43.826932358995556,-0.2654453927386066
9070,16350,2.34112e-11,0.994611,7.9486989999999995,45.615786740995546,-0.27247134260603134
9070,16360,2.28248e-14,0.996556,7.920583,47.40464112299554,-0.2820490256398293
9070,16370,1.747e-16,0.997477,7.949062,49.19349550499554,-0.25472695035407755
9070,16380,1.35612e-17,0.997882,7.955617,50.98234988699553,-0.23614122824356495
9070,16390,7.32427e-19,0.99823,7.96168,52.771204268995525,-0.22730488221782777
9070,16400,4.69025e-22,0.99881,7.966489,54.56005865099503,-0.23685913725763275
9070,16410,2.50373e-24,0.999106,7.968486,56.34891303299503,-0.2645145019812132
9070,16420,2.24925e-24,0.999117,7.969226,58.13776741499502,-0.3021291642629039
9070,16430,3.17071e-22,0.998834,7.969369,59.926621796993714,-0.25197263702969985
9070,16440,1.07117e-17,0.997827,7.972269000000001,61.715476178993704,-0.240774540691848
9070,16450,7.37163e-14,0.996409,7.973523,63.5043305609937,-0.22930518489966012
9070,16460,1.79443e-12,0.995775,7.972586000000001,65.2931849429937,-0.21173357225089717
9080,16070,0.959632,0.0100095,3.58110817,9.789871508779747,-0.009637743303992748
9080,16080,0.961345,0.0102881,3.8133087800000003,6.229918232860192,-0.01271544668974404
9080,16090,0.965951,0.00837637,2.9815557100000003,2.669964956939342,-0.0167141642401922
9080,16100,0.970253,0.00704126,2.1073978799999997,0.8899883189802125,0.0
9080,16110,0.956747,0.01313,2.00507374,4.449941594899767,0.0
9080,16120,0.503377,0.468824,1.21642022,8.009894870819322,0.0
9080,16130,0.0749231,0.900425,1.0327234399999998,11.569848146740172,-0.0038763397735990563
9080,16140,0.217218,0.756976,1.05320202,15.129801422659726,0.011447189161398537
9080,16150,0.924042,0.0451647,1.04664232,18.689754698578877,0.002266292986312339
9080,16160,0.975682,0.00546512,1.02784934,21.466252583998145,0.014512203697539734
9080,16170,0.977819,0.00496435,0.75759515,23.255106965998138,0.007977507344222087
9080,16180,0.977813,0.0050392,1.67872212,25.043961347997644,0.010649035602761595
9080,16190,0.97682,0.00529264,1.76165964,26.83281572999764,0.006722003620594624
9080,16200,0.973365,0.00563238,1.07490826,28.621670111997634,0.006767494918391872
9080,16210,0.967832,0.00633895,2.1458396100000003,30.410524493997627,0.010677447295364396
9080,16220,0.967731,0.00666129,2.8607057600000005,32.199378875996324,0.019658959147220247
9080,16230,0.972036,0.00592763,3.67789331,33.98823325799631,0.01541703296055001
9080,16240,0.976715,0.0050337,3.8969957699999993,35.77708763999631,0.004612913343608888
9080,16250,0.967131,0.00623668,3.948931579999999,37.56594202199631,-0.004498763169523683
9080,16260,0.175757,0.800119,4.278613,39.35479640399581,-0.0022493640114238577
9080,16270,3.7366e-05,0.984282,4.8293613,41.14365078599581,-0.018563248507361556
9080,16280,4.29173e-08,0.989728,5.65321538,42.9325051679958,-0.031814658932741144
9080,16290,1.27753e-09,0.992245,5.87422283,44.721359549995796,-0.09083374245424776
9080,16300,1.79612e-10,0.993395,5.926611879999999,46.51021393199579,-0.1575046877192448
9080,16310,7.19703e-10,0.992989,7.049923000000001,48.29906831399578,-0.23664003709371745
9080,16320,1.64602e-08,0.99168,7.766242000000001,50.08792269599578,-0.2805238762820235
9080,16330,1.48888e-08,0.991592,7.8902920000000005,51.876777077995776,-0.31412973162572544
9080,16340,1.17469e-09,0.992616,7.879373,53.665631459994465,-0.34171441466518293
9080,16350,3.502e-11,0.994255,7.911943,55.45448584199527,-0.4206510632750271
9080,16360,7.1512e-13,0.995719,7.928012000000001,57.24334022399527,-0.38418514940666815
9080,16370,1.59478e-13,0.996167,7.944604000000002,59.03219460599396,-0.36523059315283085
9080,16380,2.024e-14,0.996611,7.956389000000001,60.821048987993954,-0.3352282777128859
9080,16390,1.42797e-15,0.997136,7.960837000000001,62.60990336999395,-0.3371093965755404
9080,16400,2.76547e-18,0.998034,7.962045999999999,64.39875775199394,-0.3446115350060365
9080,16410,5.99863e-21,0.998608,7.963761000000002,66.18761213399394,-0.38346782236309673
9080,16420,2.81254e-21,0.998664,7.964678000000001,67.97646651599393,-0.41062014651141027
9080,16430,8.50095e-20,0.998371,7.96705,69.76532089799343,-0.3569477282057095
9080,16440,2.06175e-16,0.997381,7.968649,71.55417527999343,-0.34798017544914694
9080,16450,8.82572e-14,0.996266,7.968474,73.34302966199343,-0.3014436620592364
9080,16460,4.6938e-13,0.995986,7.968058,75.13188404399342,-0.32112504828009086
9090,16070,0.956527,0.0141143,3.11643811,0.44499415949030857,-0.014833870955153762
9090,16080,0.97137,0.00587761,2.96122357,3.114959116429246,0.0
9090,16090,0.975763,0.00620945,3.0903735,6.6749123923500955,0.0
9090,16100,0.976017,0.00614252,3.08512127,10.23486566826965,0.0
9090,16110,0.972179,0.00661873,2.6410181699999997,13.794818944189204,0.008775143288653683
9090,16120,0.962511,0.00945885,2.0230643500000003,17.354772220110053,0.010150497782036453
9090,16130,0.941685,0.0271243,1.55614344,20.914725496029202,0.008891015551943514
9090,16140,0.954156,0.0152694,1.70802186,24.47467877194876,0.007646000662692025
9090,16150,0.973287,0.00621547,1.9259691,28.034632047869607,-0.0015119126946274847
9090,16160,0.977759,0.00506445,1.99835083,31.30495168499738,0.013204542298548123
9090,16170,0.977513,0.00521722,1.2434336099999999,33.093806066997374,0.013257073632911611
9090,16180,0.974699,0.00584419,0.59934648,34.88266044899737,0.0026715282585395425
9090,16190,0.959165,0.0113538,1.1952151099999997,36.67151483099607,0.018706711567067533
9090,16200,0.842549,0.127335,1.76555651,38.460369212996056,0.009460607367909338
9090,16210,0.528286,0.442989,2.48741905,40.24922359499605,0.013327720046756288
9090,16220,0.765297,0.204727,2.48396245,42.03807797699605,0.0
9090,16230,0.950656,0.0177947,2.3308222,43.826932358995556,0.0
9090,16240,0.972339,0.00573146,2.76149685,45.615786740995546,-0.02576661119000932
9090,16250,0.969732,0.00540196,3.79258095,47.40464112299554,-0.06013514484662207
9090,16260,0.181611,0.794282,4.5467545099999995,49.19349550499554,-0.07957281666304855
9090,16270,9.22892e-05,0.98421,4.5283444600000005,50.98234988699553,-0.09311944961909005
9090,16280,6.52936e-08,0.989896,4.3102123400000005,52.771204268995525,-0.1426202527660681
9090,16290,1.51981e-09,0.992234,4.7310607,54.560058650994215,-0.21070556197385568
9090,16300,1.08495e-09,0.992608,5.64239566,56.34891303299421,-0.27959496732164735
9090,16310,1.32385e-08,0.991577,6.856027999999999,58.13776741499421,-0.3970369879218354
9090,16320,5.20971e-07,0.989677,7.2872010000000005,59.926621796993714,-0.46218565100555126
9090,16330,4.69365e-08,0.991094,7.2479819999999995,61.715476178993704,-0.4925270244568171
9090,16340,5.96534e-10,0.992908,7.172015,63.5043305609937,-0.506754471343026
9090,16350,1.36465e-11,0.99445,7.63556,65.2931849429937,-0.48205126312245816
9090,16360,6.89178e-12,0.995019,7.906912999999999,67.08203932499369,-0.49384832715285076
9090,16370,7.49203e-12,0.995129,7.943801000000001,68.87089370699368,-0.48292610267359676
9090,16380,1.17918e-12,0.995629,7.9534590000000005,70.65974808899368,-0.4638864022871295
9090,16390,3.23418e-13,0.995909,7.957541,72.44860247099368,-0.46063063279555366
9090,16400,2.13355e-15,0.997043,7.958304,74.23745685299318,-0.4713109711406161
9090,16410,4.90798e-16,0.997327,7.958258,76.02631123499317,-0.4957662576132246
9090,16420,8.51254e-16,0.997175,7.9604930000000005,77.81516561699317,-0.5290130935609191
9090,16430,1.88233e-14,0.996511,7.965051999999999,79.60401999899317,-0.48066927612762583
9090,16440,1.55161e-13,0.996018,7.965788000000001,81.39287438099186,-0.47117719794658897
9090,16450,1.0597e-12,0.995528,7.964435,83.18172876299185,-0.4417338002312461
9090,16460,2.63416e-12,0.995315,7.963031,84.97058314499185,-0.41634024123138835
